OBJECTID,Join_Count,TARGET_FID,GRID_ID
1,0,1,AD-58
2,0,2,AE-58
3,0,3,AD-57
4,0,4,AE-57
5,0,5,AF-57
6,0,6,AB-56
7,0,7,AC-56
8,1,8,AD-56
9,1,9,AE-56
10,0,10,AF-56
11,0,11,AB-55
12,0,12,AC-55
13,0,13,AD-55
14,0,14,AE-55
15,0,15,AF-55
16,0,16,AB-54
17,0,17,AC-54
18,0,18,AD-54
19,1,19,AE-54
20,0,20,AF-54
21,0,21,AD-53
22,0,22,AE-53
23,0,23,AF-53
24,0,24,AH-53
25,0,25,AD-52
26,0,26,AE-52
27,0,27,AF-52
28,6,28,AG-52
29,0,29,AH-52
30,0,30,AI-52
31,0,31,AC-51
32,2,32,AD-51
33,0,33,AE-51
34,1,34,AF-51
35,2,35,AG-51
36,0,36,AH-51
37,1,37,AI-51
38,0,38,AJ-51
39,0,39,AC-50
40,0,40,AD-50
41,0,41,AE-50
42,0,42,AF-50
43,0,43,AG-50
44,0,44,AH-50
45,0,45,AI-50
46,0,46,AD-49
47,0,47,AE-49
48,0,48,AF-49
49,0,49,AD-48
50,0,50,AE-48
51,0,51,AF-48
52,0,52,AE-47
53,0,53,AF-47
54,0,54,AE-46
55,0,55,AF-46
56,0,56,AE-45
57,0,57,AF-45
58,0,58,AE-44
59,0,59,AF-44
60,0,60,AE-43
61,0,61,AF-43
62,0,62,AE-42
63,0,63,AF-42
64,0,64,AE-41
65,0,65,AF-41
66,0,66,AD-40
67,0,67,AE-40
68,0,68,AF-40
69,0,69,AD-39
70,1,70,AE-39
71,0,71,AF-39
72,0,72,AG-39
73,1,73,AH-39
74,0,74,AI-39
75,0,75,AJ-39
76,1,76,AD-38
77,1,77,AE-38
78,0,78,AF-38
79,0,79,AG-38
80,0,80,AH-38
81,0,81,AI-38
82,1,82,AJ-38
83,0,83,AC-37
84,1,84,AD-37
85,12,85,AE-37
86,0,86,AF-37
87,0,87,AG-37
88,0,88,AH-37
89,0,89,AI-37
90,0,90,AJ-37
91,0,91,P-36
92,0,92,Q-36
93,0,93,R-36
94,0,94,S-36
95,1,95,T-36
96,0,96,U-36
97,0,97,V-36
98,0,98,AB-36
99,0,99,AC-36
100,1,100,AD-36
101,0,101,AE-36
102,1,102,AF-36
103,3,103,AG-36
104,0,104,AH-36
105,1,105,AI-36
106,0,106,P-35
107,1,107,Q-35
108,0,108,R-35
109,0,109,S-35
110,0,110,T-35
111,0,111,U-35
112,0,112,V-35
113,1,113,W-35
114,0,114,X-35
115,0,115,AB-35
116,0,116,AC-35
117,0,117,AD-35
118,0,118,AE-35
119,2,119,AF-35
120,0,120,AG-35
121,0,121,AH-35
122,0,122,AI-35
123,3,123,P-34
124,0,124,Q-34
125,0,125,R-34
126,0,126,S-34
127,0,127,T-34
128,0,128,U-34
129,0,129,V-34
130,1,130,W-34
131,0,131,X-34
132,0,132,Z-34
133,0,133,AA-34
134,1,134,AB-34
135,0,135,AC-34
136,2,136,AD-34
137,3,137,AE-34
138,4,138,AF-34
139,7,139,AG-34
140,1,140,AH-34
141,4,141,N-33
142,0,142,O-33
143,0,143,P-33
144,0,144,Q-33
145,1,145,R-33
146,1,146,S-33
147,2,147,T-33
148,1,148,U-33
149,0,149,V-33
150,0,150,W-33
151,0,151,X-33
152,1,152,AA-33
153,1,153,AB-33
154,1,154,AC-33
155,4,155,AD-33
156,1,156,AE-33
157,3,157,AF-33
158,5,158,AG-33
159,1,159,AH-33
160,0,160,AI-33
161,0,161,AJ-33
162,6,162,N-32
163,2,163,O-32
164,7,164,P-32
165,0,165,Q-32
166,0,166,R-32
167,4,167,S-32
168,3,168,T-32
169,1,169,U-32
170,0,170,V-32
171,0,171,W-32
172,0,172,Z-32
173,0,173,AA-32
174,1,174,AB-32
175,4,175,AC-32
176,1,176,AD-32
177,4,177,AE-32
178,7,178,AF-32
179,2,179,AG-32
180,2,180,AH-32
181,0,181,AI-32
182,0,182,AJ-32
183,0,183,M-31
184,0,184,N-31
185,0,185,O-31
186,1,186,P-31
187,1,187,Q-31
188,2,188,R-31
189,0,189,S-31
190,0,190,T-31
191,0,191,U-31
192,0,192,V-31
193,0,193,Z-31
194,0,194,AA-31
195,0,195,AB-31
196,0,196,AC-31
197,1,197,AD-31
198,2,198,AE-31
199,13,199,AF-31
200,6,200,AG-31
201,1,201,AH-31
202,9,202,AI-31
203,0,203,AJ-31
204,0,204,AL-31
205,0,205,AM-31
206,0,206,AN-31
207,0,207,O-30
208,0,208,P-30
209,0,209,Q-30
210,0,210,R-30
211,2,211,S-30
212,2,212,T-30
213,0,213,U-30
214,0,214,V-30
215,0,215,W-30
216,0,216,X-30
217,0,217,Y-30
218,0,218,Z-30
219,0,219,AA-30
220,0,220,AB-30
221,1,221,AC-30
222,0,222,AD-30
223,4,223,AE-30
224,14,224,AF-30
225,16,225,AG-30
226,7,226,AH-30
227,7,227,AI-30
228,2,228,AJ-30
229,0,229,AK-30
230,7,230,AL-30
231,0,231,AM-30
232,0,232,AN-30
233,1,233,P-29
234,2,234,Q-29
235,5,235,R-29
236,0,236,S-29
237,1,237,T-29
238,3,238,U-29
239,5,239,V-29
240,0,240,W-29
241,5,241,X-29
242,0,242,Y-29
243,1,243,Z-29
244,0,244,AA-29
245,0,245,AB-29
246,1,246,AC-29
247,1,247,AD-29
248,0,248,AE-29
249,13,249,AF-29
250,11,250,AG-29
251,27,251,AH-29
252,41,252,AI-29
253,1,253,AJ-29
254,3,254,AK-29
255,1,255,AL-29
256,0,256,AM-29
257,0,257,O-28
258,0,258,P-28
259,3,259,Q-28
260,1,260,R-28
261,0,261,S-28
262,0,262,T-28
263,0,263,U-28
264,0,264,V-28
265,1,265,W-28
266,0,266,X-28
267,0,267,Y-28
268,0,268,Z-28
269,3,269,AA-28
270,1,270,AB-28
271,0,271,AC-28
272,7,272,AD-28
273,7,273,AE-28
274,22,274,AF-28
275,8,275,AG-28
276,24,276,AH-28
277,19,277,AI-28
278,1,278,AJ-28
279,3,279,AK-28
280,3,280,AL-28
281,0,281,AM-28
282,1,282,O-27
283,1,283,P-27
284,6,284,Q-27
285,5,285,R-27
286,0,286,S-27
287,0,287,T-27
288,0,288,U-27
289,0,289,V-27
290,0,290,W-27
291,2,291,X-27
292,1,292,Y-27
293,1,293,Z-27
294,0,294,AA-27
295,7,295,AB-27
296,8,296,AC-27
297,18,297,AD-27
298,7,298,AE-27
299,38,299,AF-27
300,11,300,AG-27
301,0,301,AH-27
302,31,302,AI-27
303,1,303,AJ-27
304,3,304,AK-27
305,2,305,AL-27
306,2,306,AM-27
307,0,307,AN-27
308,0,308,O-26
309,2,309,Q-26
310,0,310,R-26
311,1,311,S-26
312,0,312,T-26
313,0,313,U-26
314,0,314,V-26
315,0,315,W-26
316,3,316,X-26
317,1,317,Y-26
318,0,318,Z-26
319,0,319,AA-26
320,0,320,AB-26
321,9,321,AC-26
322,17,322,AD-26
323,23,323,AE-26
324,22,324,AF-26
325,12,325,AG-26
326,3,326,AH-26
327,6,327,AI-26
328,1,328,AJ-26
329,3,329,AK-26
330,1,330,AL-26
331,1,331,AM-26
332,0,332,AN-26
333,0,333,U-25
334,2,334,V-25
335,1,335,W-25
336,3,336,X-25
337,0,337,Y-25
338,0,338,Z-25
339,0,339,AA-25
340,0,340,AB-25
341,0,341,AC-25
342,16,342,AD-25
343,12,343,AE-25
344,3,344,AF-25
345,3,345,AG-25
346,0,346,AH-25
347,0,347,AI-25
348,4,348,AJ-25
349,4,349,AK-25
350,3,350,AL-25
351,0,351,AM-25
352,0,352,AN-25
353,2,353,AO-25
354,0,354,AP-25
355,0,355,V-24
356,3,356,W-24
357,0,357,X-24
358,2,358,Y-24
359,4,359,Z-24
360,1,360,AA-24
361,0,361,AB-24
362,3,362,AC-24
363,5,363,AD-24
364,8,364,AE-24
365,1,365,AF-24
366,2,366,AG-24
367,0,367,AH-24
368,0,368,AI-24
369,1,369,AJ-24
370,10,370,AK-24
371,0,371,AL-24
372,0,372,AM-24
373,2,373,AN-24
374,2,374,AO-24
375,0,375,AP-24
376,0,376,W-23
377,1,377,X-23
378,0,378,Y-23
379,7,379,Z-23
380,1,380,AA-23
381,10,381,AB-23
382,9,382,AC-23
383,5,383,AD-23
384,11,384,AE-23
385,0,385,AF-23
386,0,386,AG-23
387,0,387,AH-23
388,0,388,AI-23
389,0,389,AJ-23
390,5,390,AK-23
391,1,391,AL-23
392,1,392,AM-23
393,0,393,AN-23
394,0,394,AO-23
395,4,395,AP-23
396,0,396,W-22
397,0,397,Y-22
398,2,398,Z-22
399,3,399,AA-22
400,2,400,AB-22
401,11,401,AC-22
402,0,402,AD-22
403,0,403,AE-22
404,0,404,AF-22
405,0,405,AG-22
406,3,406,AH-22
407,1,407,AI-22
408,0,408,AJ-22
409,0,409,AK-22
410,0,410,AL-22
411,0,411,AM-22
412,0,412,AN-22
413,0,413,AA-21
414,0,414,AC-21
415,0,415,AD-21
416,1,416,AE-21
417,0,417,AF-21
418,1,418,AG-21
419,0,419,AH-21
420,3,420,AI-21
421,0,421,AJ-21
422,0,422,AK-21
423,0,423,AL-21
424,5,424,AM-21
425,1,425,AN-21
426,0,426,AO-21
427,0,427,AF-20
428,0,428,AG-20
429,0,429,AH-20
430,0,430,AI-20
431,0,431,AJ-20
432,1,432,AK-20
433,0,433,AL-20
434,0,434,AM-20
435,0,435,T-19
436,0,436,U-19
437,1,437,V-19
438,1,438,W-19
439,0,439,X-19
440,0,440,Y-19
441,0,441,AF-19
442,0,442,AG-19
443,0,443,AH-19
444,0,444,AI-19
445,1,445,AJ-19
446,1,446,AK-19
447,0,447,AL-19
448,2,448,P-18
449,0,449,Q-18
450,1,450,R-18
451,0,451,S-18
452,0,452,T-18
453,1,453,U-18
454,1,454,V-18
455,0,455,W-18
456,4,456,X-18
457,0,457,Y-18
458,0,458,Z-18
459,0,459,AB-18
460,0,460,AD-18
461,0,461,AE-18
462,0,462,AF-18
463,0,463,AG-18
464,0,464,AH-18
465,0,465,AI-18
466,0,466,AJ-18
467,0,467,AK-18
468,0,468,C-17
469,0,469,D-17
470,0,470,F-17
471,1,471,H-17
472,0,472,I-17
473,1,473,J-17
474,0,474,K-17
475,0,475,L-17
476,0,476,M-17
477,0,477,N-17
478,0,478,O-17
479,0,479,P-17
480,2,480,Q-17
481,0,481,R-17
482,1,482,S-17
483,0,483,T-17
484,0,484,U-17
485,0,485,V-17
486,5,486,W-17
487,3,487,X-17
488,1,488,Y-17
489,0,489,Z-17
490,0,490,AA-17
491,0,491,AB-17
492,0,492,AC-17
493,0,493,AD-17
494,0,494,AE-17
495,0,495,AG-17
496,0,496,AI-17
497,0,497,B-16
498,1,498,C-16
499,0,499,D-16
500,1,500,E-16
501,1,501,F-16
502,0,502,G-16
503,1,503,H-16
504,1,504,I-16
505,0,505,J-16
506,0,506,K-16
507,1,507,L-16
508,1,508,M-16
509,0,509,N-16
510,1,510,O-16
511,0,511,P-16
512,0,512,Q-16
513,0,513,R-16
514,0,514,S-16
515,0,515,T-16
516,0,516,U-16
517,3,517,V-16
518,20,518,W-16
519,1,519,X-16
520,0,520,Y-16
521,0,521,AA-16
522,0,522,C-15
523,0,523,D-15
524,0,524,E-15
525,0,525,F-15
526,0,526,G-15
527,0,527,H-15
528,1,528,I-15
529,0,529,J-15
530,0,530,K-15
531,0,531,L-15
532,0,532,M-15
533,0,533,N-15
534,1,534,O-15
535,7,535,P-15
536,3,536,Q-15
537,0,537,R-15
538,0,538,S-15
539,0,539,T-15
540,2,540,U-15
541,1,541,V-15
542,1,542,W-15
543,2,543,X-15
544,0,544,Y-15
545,0,545,C-14
546,1,546,D-14
547,2,547,E-14
548,0,548,F-14
549,0,549,G-14
550,0,550,H-14
551,0,551,I-14
552,0,552,J-14
553,1,553,K-14
554,0,554,L-14
555,1,555,M-14
556,0,556,N-14
557,5,557,O-14
558,1,558,P-14
559,6,559,Q-14
560,0,560,R-14
561,0,561,S-14
562,1,562,T-14
563,4,563,U-14
564,0,564,V-14
565,1,565,W-14
566,0,566,X-14
567,0,567,Y-14
568,0,568,A-13
569,1,569,B-13
570,2,570,C-13
571,2,571,D-13
572,0,572,E-13
573,0,573,F-13
574,0,574,G-13
575,0,575,H-13
576,3,576,I-13
577,0,577,J-13
578,0,578,K-13
579,0,579,L-13
580,0,580,M-13
581,0,581,N-13
582,4,582,O-13
583,0,583,P-13
584,3,584,Q-13
585,1,585,R-13
586,4,586,S-13
587,0,587,T-13
588,1,588,U-13
589,2,589,V-13
590,0,590,W-13
591,0,591,X-13
592,0,592,Y-13
593,0,593,A-12
594,1,594,B-12
595,0,595,C-12
596,4,596,D-12
597,1,597,E-12
598,0,598,F-12
599,0,599,G-12
600,0,600,H-12
601,0,601,I-12
602,0,602,J-12
603,0,603,K-12
604,0,604,L-12
605,0,605,M-12
606,0,606,N-12
607,0,607,O-12
608,0,608,P-12
609,1,609,Q-12
610,0,610,R-12
611,0,611,S-12
612,2,612,T-12
613,2,613,U-12
614,8,614,V-12
615,1,615,W-12
616,6,616,X-12
617,0,617,Y-12
618,0,618,C-11
619,0,619,D-11
620,1,620,E-11
621,2,621,F-11
622,0,622,G-11
623,1,623,H-11
624,1,624,I-11
625,1,625,J-11
626,0,626,K-11
627,0,627,L-11
628,0,628,M-11
629,0,629,N-11
630,1,630,O-11
631,0,631,P-11
632,9,632,Q-11
633,2,633,R-11
634,0,634,S-11
635,0,635,T-11
636,1,636,U-11
637,3,637,V-11
638,2,638,W-11
639,0,639,X-11
640,1,640,Y-11
641,3,641,C-10
642,3,642,D-10
643,1,643,E-10
644,0,644,F-10
645,0,645,G-10
646,0,646,H-10
647,0,647,I-10
648,0,648,J-10
649,0,649,K-10
650,0,650,L-10
651,0,651,M-10
652,1,652,N-10
653,0,653,O-10
654,0,654,P-10
655,0,655,Q-10
656,0,656,R-10
657,0,657,S-10
658,0,658,T-10
659,1,659,U-10
660,0,660,V-10
661,4,661,W-10
662,1,662,X-10
663,0,663,Y-10
664,0,664,AF-10
665,0,665,C-9
666,0,666,D-9
667,0,667,E-9
668,0,668,F-9
669,0,669,K-9
670,0,670,L-9
671,0,671,M-9
672,0,672,N-9
673,0,673,O-9
674,0,674,P-9
675,1,675,Q-9
676,0,676,R-9
677,2,677,S-9
678,1,678,T-9
679,1,679,U-9
680,0,680,V-9
681,0,681,W-9
682,0,682,AB-9
683,0,683,AC-9
684,2,684,AD-9
685,0,685,AE-9
686,1,686,AF-9
687,0,687,D-8
688,1,688,E-8
689,0,689,K-8
690,2,690,L-8
691,1,691,M-8
692,0,692,N-8
693,0,693,O-8
694,0,694,P-8
695,0,695,Q-8
696,1,696,R-8
697,0,697,S-8
698,0,698,T-8
699,1,699,U-8
700,0,700,V-8
701,0,701,W-8
702,0,702,X-8
703,1,703,Z-8
704,0,704,AA-8
705,0,705,AB-8
706,3,706,AC-8
707,0,707,AD-8
708,0,708,AE-8
709,0,709,E-7
710,0,710,M-7
711,0,711,N-7
712,1,712,O-7
713,0,713,P-7
714,0,714,Q-7
715,2,715,R-7
716,3,716,S-7
717,1,717,T-7
718,0,718,U-7
719,0,719,V-7
720,0,720,W-7
721,0,721,X-7
722,0,722,Y-7
723,0,723,Z-7
724,0,724,AA-7
725,1,725,AB-7
726,0,726,AC-7
727,0,727,AD-7
728,0,728,O-6
729,0,729,P-6
730,0,730,Q-6
731,0,731,R-6
732,0,732,S-6
733,1,733,T-6
734,3,734,U-6
735,0,735,V-6
736,0,736,W-6
737,0,737,X-6
738,0,738,Y-6
739,1,739,AB-6
740,0,740,AC-6
741,0,741,O-5
742,2,742,P-5
743,0,743,Q-5
744,0,744,R-5
745,0,745,S-5
746,0,746,T-5
747,0,747,U-5
748,0,748,N-4
749,0,749,O-4
750,0,750,P-4
751,0,751,Q-4
752,4,752,R-4
753,0,753,S-4
754,0,754,M-3
755,3,755,N-3
756,1,756,O-3
757,0,757,P-3
758,0,758,Q-3
759,0,759,R-3
760,0,760,S-3
761,0,761,M-2
762,0,762,N-2
763,1,763,O-2
764,0,764,P-2
765,0,765,Q-2
766,0,766,R-2
767,0,767,Q-1
