feature,is_interaction,mean_abs_sj,delta_sj,raw_min,raw_max,raw_p05,raw_p95
2024 Total Population,False,0.06025362768258058,0.050824040932765,0.0,17821.0,21.0,6232.849999999996
2024 Total Crime Index,False,0.33467759667483904,0.050585002357528275,0.0,996.0,39.0,240.64999999999986
2023 Pop w/Income Below Poverty Level (ACS 5-Yr): Percent,False,0.027067611173946834,0.016820483356757104,0.0,100.0,1.0205000000000002,30.841499999999986
nearest_osm_major_road_m,False,0.025168739254343868,0.01088079273477829,0.05,2802.93,10.911500000000002,1057.7979999999993
pct_below_poverty,False,0.013925303259063278,0.010009315396814347,0.0,100.0,1.0205000000000002,30.841499999999986
2023 Pop 35-64: No Health Insurance (ACS 5-Yr): Percent,False,0.014925409455473772,0.008982606993794124,0.0,23.16,0.0,10.4665
osm_amenity_count,False,0.014741300093431903,0.00790935938851732,0.0,79.0,0.0,19.0
2023 HHs w/Public Assist Income (ACS 5-Yr): Percent,False,0.01472990562737417,0.007065665288475212,0.0,100.0,0.0,11.3065
2030 Value of Credit Card Debt: Index,False,0.008867359180962205,0.006718107718366754,0.0,504.0,26.800000000000068,184.29999999999973
esri_market_idx_14068_forecast,False,0.011423234588984919,0.006622236011445329,0.0,504.0,26.800000000000068,184.29999999999973
burglary_crime_est,False,0.014106269614154511,0.0062080573078148096,0.0,424.0,42.0,202.0
freeway_segments_count,False,0.015805660887989795,0.005835497413101135,0.0,96.0,0.0,35.0
pct_no_health_insurance,False,0.008600800742214436,0.005696154402970174,0.0,23.16,0.0,10.4665
bare_ground_proxy_pct,False,0.010768424361538834,0.00562169036827766,0.18,100.0,8.647,29.76899999999999
2024 Unemployment Rate: Index,False,0.013205270821617461,0.005077204290213921,0.0,1036.0,0.0,252.0
2023 Civilian Pop 18+: Veteran (ACS 5-Yr): Percent,False,0.007955042386280791,0.004485990981460369,0.0,31.74,0.0,6.529499999999996
pct_veterans_2,False,0.009188725484300851,0.004320026843871331,0.0,31.74,0.0,6.529499999999996
2023 Pop 25+: No Schooling (ACS 5-Yr): Percent,False,0.008034745981798342,0.0034367819440763317,0.0,20.77,0.0,10.952999999999998
tree_canopy_proxy_pct,False,0.008143697152610353,0.002970652557670985,0.0,41.92,0.17,10.465999999999994
2023 HHs w/1+ Persons w/Disability (ACS 5-Yr): Percent,False,0.013159579750589194,0.002520001922630118,0.0,100.0,0.0,42.089499999999994
unemployment_rate_idx,False,0.007880082788751719,0.0019515019369926389,0.0,1036.0,0.0,252.0
2023 Pop 35-64: No Health Insurance (ACS 5-Yr): Percent__x__total_population,True,0.00759520790099461,0.0017978079907205625,,,,
nearest_river_drainage_m,False,0.004756667232514465,0.001755726700544204,0.26,6520.5,55.2605,3643.988999999995
food_access_count,False,0.0019067249845695264,0.0015906803373113372,0.0,7.0,0.0,1.0
2023 HHs/Gross Rent 50+% of Income (ACS 5-Yr): Percent,False,0.011778110102146496,0.0015484589800229228,0.0,100.0,0.0,50.65899999999996
lausd_school_site_count,False,0.0028903046868325294,0.0014166925220148164,0.0,17.0,0.0,4.649999999999864
pct_no_schooling,False,0.003559538749770728,0.0014045266319775128,0.0,20.77,0.0,10.952999999999998
public_school_count,False,0.0032235192233890015,0.0013600808911705749,0.0,10.0,0.0,2.0
pct_public_assistance,False,0.004093237247642451,0.0013454938171387327,0.0,100.0,0.0,11.3065
sud_treatment_count,False,0.005534307419433322,0.0012778583540437476,0.0,7.0,0.0,2.0
pct_below_poverty__x__police_station_count,True,0.0015648646995007822,0.0012019185761322942,,,,
nearest_freeway_m,False,0.006805531962155459,0.001089642639266069,0.05,5565.28,46.49850000000001,3894.216499999996
pct_household_disability,False,0.01523555354338357,0.0010606779547400634,0.0,100.0,0.0,42.089499999999994
fema_flood_hazard_area_pct,False,0.0045639692150409895,0.0009314904275724864,0.0,100.0,0.0,53.91949999999999
pct_below_poverty__x__la_geohub_500yr_flood_intersects,True,0.003309601409394432,0.0009054861197408694,,,,
recreation_center_count,False,0.0016137278042044716,0.0006780180518840863,0.0,2.0,0.0,1.0
pct_below_poverty__x__la_geohub_100yr_flood_intersects,True,0.0022126371316228306,0.0006325242303488495,,,,
la_geohub_500yr_flood_intersects,False,0.0019119929722333168,0.000578544517571148,0.0,1.0,0.0,1.0
college_count,False,0.0023317503006058935,0.00042110944602382207,0.0,4.0,0.0,1.0
private_school_count,False,0.0017188670002528247,0.0004018506255943941,0.0,5.0,0.0,1.0
2023 Pop 35-64: No Health Insurance (ACS 5-Yr): Percent__x__lausd_school_site_count,True,0.0048840340584597455,0.0003734317254274734,,,,
water_proxy_pct,False,0.002674471628439166,0.00032063993637423396,0.0,80.28,0.36,6.36
pct_below_poverty__x__college_count,True,0.0007580164977903189,0.00024281953882647608,,,,
2023 Pop w/Income Below Poverty Level (ACS 5-Yr): Percent__x__college_count,True,0.002109243470410123,0.00021503117981466462,,,,
river_drainage_segments_count,False,0.0024451093798638127,0.00019607806457797668,0.0,45.0,0.0,7.0
la_geohub_fire_hazard_area_pct,False,0.0008505828830311876,0.00019338871433482687,0.0,100.0,100.0,100.0
fire_station_count,False,0.0006897209984567563,0.0001919638883665309,0.0,1.0,0.0,1.0
pct_below_poverty__x__library_count,True,0.0016782963354642876,0.00015029614458324315,,,,
2024 Total Population__x__fire_station_count,True,0.001834716061846605,7.598066017351473e-05,,,,
2023 Pop w/Income Below Poverty Level (ACS 5-Yr): Percent__x__hospital_count,True,0.0016116059943643644,7.206646736985623e-05,,,,
hospital_count,False,0.0001039911650619646,4.60161426975409e-05,0.0,2.0,0.0,0.0
total_population__x__affordable_housing_count,True,0.0004661990646534048,3.7259310394126326e-05,,,,
police_station_count,False,4.756426102428375e-05,3.2273811830741474e-05,0.0,1.0,0.0,0.0
pct_no_health_insurance__x__public_school_count,True,0.004351825487064938,-5.6370656847817034e-05,,,,
library_count,False,0.00019668062915299397,-5.662189327487777e-05,0.0,3.0,0.0,1.0
affordable_housing_count,False,7.812944546922883e-05,-8.661814632126793e-05,0.0,2.0,0.0,0.0
la_geohub_100yr_flood_intersects,False,0.0009298162607431408,-9.237207014077814e-05,0.0,1.0,0.0,1.0
pct_below_poverty__x__la_geohub_fire_hazard_area_pct,True,0.0012152295358750914,-0.00010631714398315737,,,,
pct_no_health_insurance__x__affordable_housing_count,True,0.0017900516150426225,-0.000164876740194512,,,,
adult_recreation_count,False,0.0009575611415275254,-0.0002402863082138579,0.0,3.0,0.0,1.0
la_geohub_500yr_flood_area_pct,False,0.001531980655951082,-0.00024972898442749276,0.0,100.0,0.0,12.579999999999973
2023 Pop 35-64: No Health Insurance (ACS 5-Yr): Percent__x__nearest_river_drainage_m,True,0.0071475782318287644,-0.0004103404008566102,,,,
total_crime_est__x__college_count,True,0.0013416029274467525,-0.0004194624395153944,,,,
2023 Pop 35-64: No Health Insurance (ACS 5-Yr): Percent__x__public_school_count,True,0.002641239427992482,-0.0005841976904706279,,,,
2023 Pop 25+: HS Diploma (ACS 5-Yr): Percent,False,0.014490566713470734,-0.0006878062585607761,0.0,100.0,2.479500000000001,28.688999999999993
pct_severe_rent_burden,False,0.004034959716589909,-0.0013519057867095023,0.0,100.0,0.0,50.65899999999996
2024 Total Crime Index__x__affordable_housing_count,True,0.0023792750792968483,-0.0015245767289660899,,,,
dominant_landcover_class,False,0.002711727774686853,-0.001641780545749229,1.0,7.0,3.0,5.0
2024 Total Population__x__lausd_school_site_count,True,0.006027475304748829,-0.0018575359809676422,,,,
pct_hs_grad,False,0.005740508195148047,-0.0021529736959619568,0.0,100.0,2.479500000000001,28.688999999999993
2023 Pop w/Income Below Poverty Level (ACS 5-Yr): Percent__x__police_station_count,True,0.0032733727863125586,-0.0024449101867386287,,,,
total_population,False,0.02704665774069811,-0.016393150888161317,0.0,17821.0,21.0,6232.849999999996
total_crime_est,False,0.034037761537043555,-0.02024995046187171,0.0,996.0,39.0,240.64999999999986
